{"cameraMode":{"drawMode":0,"name":"Shaded","section":"Shading Mode"},"sceneLighting":false,"audioPlay":false,"sceneViewState":{"m_AlwaysRefresh":false,"showFog":true,"showSkybox":false,"showFlares":true,"showImageEffects":true,"showParticleSystems":true,"showVisualEffectGraphs":true,"m_FxEnabled":true},"in2DMode":false,"pivot":{"x":0.12454205751419068,"y":1.0059490203857422,"z":0.07068252563476563},"rotation":{"x":-0.23255200684070588,"y":0.6085436940193176,"z":-0.2343788594007492,"w":-0.7215850353240967},"size":1.7134722471237183,"orthographic":false}