{"cameraMode":{"drawMode":0,"name":"Shaded","section":"Shading Mode"},"sceneLighting":true,"audioPlay":false,"sceneViewState":{"m_AlwaysRefresh":false,"showFog":true,"showSkybox":true,"showFlares":true,"showImageEffects":true,"showParticleSystems":true,"showVisualEffectGraphs":true,"m_FxEnabled":true},"in2DMode":false,"pivot":{"x":-12.619217872619629,"y":-0.6175089478492737,"z":-8.275464057922364},"rotation":{"x":-0.022555511444807054,"y":0.8453383445739746,"z":-0.035781554877758029,"w":-0.5325798988342285},"size":9.550000190734864,"orthographic":false}