{"cameraMode":{"drawMode":0,"name":"Shaded","section":"Shading Mode"},"sceneLighting":false,"audioPlay":false,"sceneViewState":{"m_AlwaysRefresh":false,"showFog":true,"showSkybox":false,"showFlares":true,"showImageEffects":true,"showParticleSystems":true,"showVisualEffectGraphs":true,"m_FxEnabled":true},"in2DMode":false,"pivot":{"x":4.642096996307373,"y":-10.30921459197998,"z":5.3109283447265629},"rotation":{"x":0.34282615780830386,"y":0.08667413890361786,"z":-0.0022513577714562418,"w":0.9353893399238586},"size":12.505207061767579,"orthographic":false}