{"cameraMode":{"drawMode":0,"name":"Shaded","section":"Shading Mode"},"sceneLighting":false,"audioPlay":false,"sceneViewState":{"m_AlwaysRefresh":false,"showFog":true,"showSkybox":false,"showFlares":true,"showImageEffects":true,"showParticleSystems":true,"showVisualEffectGraphs":true,"m_FxEnabled":true},"in2DMode":false,"pivot":{"x":-4.029388427734375,"y":1.5881716012954713,"z":-10.891206741333008},"rotation":{"x":0.08194514364004135,"y":0.3348209857940674,"z":-0.030267521739006044,"w":0.938225507736206},"size":1.7514240741729737,"orthographic":false}