{"cameraMode":{"drawMode":0,"name":"Shaded","section":"Shading Mode"},"sceneLighting":false,"audioPlay":false,"sceneViewState":{"m_AlwaysRefresh":false,"showFog":true,"showSkybox":false,"showFlares":true,"showImageEffects":true,"showParticleSystems":true,"showVisualEffectGraphs":true,"m_FxEnabled":true},"in2DMode":false,"pivot":{"x":-1.9114413261413575,"y":-0.026201486587524415,"z":1.8948943614959717},"rotation":{"x":0.1956964135169983,"y":0.5786977410316467,"z":-0.14547957479953767,"w":0.7783460021018982},"size":3.5899031162261965,"orthographic":false}