{"cameraMode":{"drawMode":0,"name":"Shaded","section":"Shading Mode"},"sceneLighting":false,"audioPlay":false,"sceneViewState":{"m_AlwaysRefresh":false,"showFog":true,"showSkybox":false,"showFlares":true,"showImageEffects":true,"showParticleSystems":true,"showVisualEffectGraphs":true,"m_FxEnabled":true},"in2DMode":false,"pivot":{"x":0.39343810081481936,"y":-0.09172797203063965,"z":0.06087040901184082},"rotation":{"x":-0.07435574382543564,"y":-0.6926994323730469,"z":0.07217765599489212,"w":-0.7137898802757263},"size":3.4577794075012209,"orthographic":false}