{"cameraMode":{"drawMode":0,"name":"Shaded","section":"Shading Mode"},"sceneLighting":false,"audioPlay":false,"sceneViewState":{"m_AlwaysRefresh":false,"showFog":true,"showSkybox":false,"showFlares":true,"showImageEffects":true,"showParticleSystems":true,"showVisualEffectGraphs":true,"m_FxEnabled":true},"in2DMode":false,"pivot":{"x":-7.541841506958008,"y":0.500813901424408,"z":0.7592868208885193},"rotation":{"x":0.1831323206424713,"y":-0.07272718101739884,"z":0.041792161762714389,"w":0.9795374870300293},"size":0.8064298033714294,"orthographic":false}