{"cameraMode":{"drawMode":0,"name":"Shaded","section":"Shading Mode"},"sceneLighting":false,"audioPlay":false,"sceneViewState":{"m_AlwaysRefresh":false,"showFog":true,"showSkybox":false,"showFlares":true,"showImageEffects":true,"showParticleSystems":true,"showVisualEffectGraphs":true,"m_FxEnabled":true},"in2DMode":false,"pivot":{"x":-2.3081398010253908,"y":0.9302248358726502,"z":-5.862185001373291},"rotation":{"x":-0.060564469546079639,"y":0.5382345914840698,"z":0.03882008418440819,"w":0.8397195935249329},"size":1.6920498609542847,"orthographic":false}