{"cameraMode":{"drawMode":0,"name":"Shaded","section":"Shading Mode"},"sceneLighting":false,"audioPlay":false,"sceneViewState":{"m_AlwaysRefresh":false,"showFog":true,"showSkybox":false,"showFlares":true,"showImageEffects":true,"showParticleSystems":true,"showVisualEffectGraphs":true,"m_FxEnabled":true},"in2DMode":false,"pivot":{"x":-10.387845039367676,"y":0.28600001335144045,"z":3.239823818206787},"rotation":{"x":-0.15454207360744477,"y":0.8129807710647583,"z":-0.3476732075214386,"w":-0.44086766242980959},"size":1.5702905654907227,"orthographic":false}