{"cameraMode":{"drawMode":0,"name":"Shaded","section":"Shading Mode"},"sceneLighting":false,"audioPlay":false,"sceneViewState":{"m_AlwaysRefresh":false,"showFog":true,"showSkybox":false,"showFlares":true,"showImageEffects":true,"showParticleSystems":true,"showVisualEffectGraphs":true,"m_FxEnabled":true},"in2DMode":false,"pivot":{"x":-0.1916123628616333,"y":-1.3202611207962037,"z":-0.00045168399810791016},"rotation":{"x":-0.24065734446048737,"y":-0.40149372816085818,"z":0.07840430736541748,"w":-0.8802139163017273},"size":1.8616769313812256,"orthographic":false}